Country,Region,SDGi,Life Exectancy,HDI,Per Capita GDP,Income Group,Population (millions),Cropland Footprint,Grazing Footprint,Forest Product Footprint,Carbon Footprint,Fish Footprint,Built up land,Total Ecological Footprint (Consumption),Cropland,Grazing land,Forest land,Fishing ground,Built up land,Total biocapacity ,Ecological (Deficit) or Reserve,Number of Earths required,Number of Countries required
Afghanistan,Middle East/Central Asia,52.5,62,0.48,,LI,40.8,0.4,0.1,0.1,0.2,0,0,0.8,0.3,0.1,0.012981282,0.000565167,0.028232273,0.513827024,-0.287637599,0.530695582,1.559794611
Albania,Other Europe,71.6,76,0.8,"$14,889 ",UM,2.9,0.8,0.2,0.2,0.7,0,0.1,2.1,0.6,0.2,0.223326157,0.081391904,0.073005587,1.176752316,-0.894486045,1.37148542,1.760131111
Algeria,Africa,71.5,76,0.75,"$11,137 ",UM,45.4,0.7,0.2,0.1,1.2,0,0,2.2,0.4,0.2,0.023911707,0.007179154,0.037775208,0.663374969,-1.559593496,1.471954604,3.350998407
Angola,Africa,50.9,62,0.59,"$6,304 ",LM,35,0.2,0.1,0.1,0.3,0.1,0.1,0.9,0.2,0.8,0.416887822,0.153498781,0.061359798,1.588191242,0.730345635,0.568028656,0.540139993
Antigua and Barbuda,Central America/Caribbean,,78,0.79,"$18,749 ",HI,0.1,,,,,,,2.9,,,,,,0.917277482,-2.01945766,1.944580357,3.201577712
Argentina,South America,72.8,75,0.84,"$22,117 ",UM,46,0.9,0.5,0.2,1.4,0.1,0.1,3.2,1.8,1.2,0.591673397,1.527614549,0.083517167,5.231663301,2.011044922,2.13255569,0.615601233
Armenia,Middle East/Central Asia,71.1,72,0.76,"$13,548 ",LM,3,0.7,0.2,0.3,1.1,0,0.1,2.3,0.4,0.3,0.098199897,0.016852624,0.052181926,0.846624546,-1.479770423,1.540439209,2.747847295
Australia,Asia-Pacific,75.6,83,0.95,"$53,053 ",HI,26.1,0.1,0.5,0.9,4.3,0.1,0,5.8,1.8,4.5,1.86199177,2.82750336,0.024586629,11.02140059,5.244362496,3.825307442,0.524165513
Austria,EU-27,82.3,81,0.92,"$55,460 ",HI,9.1,1,0.3,1,3.2,0,0.2,5.6,0.6,0.1,1.952259799,0.005608961,0.194412585,2.8937746,-2.732865942,3.725720621,1.944394889
Azerbaijan,Middle East/Central Asia,73.5,69,0.75,"$14,692 ",UM,10.3,0.8,0.2,0.1,1.2,0,0,2.4,0.6,0.2,0.103819226,0.014091532,0.045343476,0.936954621,-1.420134343,1.56076346,2.5156917
Bahrain,Middle East/Central Asia,64.3,79,0.88,"$49,184 ",HI,1.8,0.5,0.4,0.2,6.8,0.2,0.1,8.2,0,0,0.000850806,0.418958757,0.128777746,0.555726117,-7.620475328,5.413930762,14.71264566
Bangladesh,Asia-Pacific,64.2,72,0.66,"$5,681 ",LI,167.9,0.2,0,0.1,0.3,0,0.1,0.7,0.1,0,0.004829666,0.048880732,0.06535964,0.247818312,-0.422906592,0.444125333,2.706518736
Barbados,Central America/Caribbean,70.3,78,0.79,"$14,910 ",HI,0.3,0.6,0.3,0.2,1.8,0.4,0.1,3.3,0.1,0,0.018580407,0.04434191,0.122920788,0.259910991,-3.054224767,2.194478898,12.75104119
Belarus,Other Europe,76,72,0.81,"$18,574 ",UM,9.4,1.5,0.1,1.1,1.8,0.1,0.1,4.6,1.7,0.2,1.671707099,0.017935493,0.05422402,3.702523221,-0.87572973,3.031523216,1.236522414
Belgium,EU-27,79.7,82,0.94,"$52,749 ",HI,11.7,1.4,0.4,0.8,3.6,0.1,0.4,6.7,0.4,0.1,0.282650719,0.04200406,0.412599923,1.161287077,-5.528361569,4.429599104,5.760546877
Belize,Central America/Caribbean,65.7,70,0.68,"$6,122 ",UM,0.4,0.2,0.3,0.3,1.7,5.1,0,7.5,0.5,0.2,1.755450552,0.895603799,0.002146169,3.303245105,-4.227131211,4.986292995,2.279690449
Benin,Africa,51.2,60,0.53,"$3,543 ",LI,12.8,0.4,0,0.2,0.3,0.2,0,1.1,0.4,0,0.17587775,0.017100718,0.039339611,0.633463684,-0.477126427,0.735385253,1.753202495
Bermuda,North America,,79,,,HI,0.1,,,,,,,,,,,,,,,,
Bhutan,Asia-Pacific,70.5,72,0.67,"$11,106 ",LM,0.8,0.6,0.3,2.8,0.8,0,0.2,4.7,0.3,0.3,4.036194096,0.011788611,0.180000479,4.872815927,0.152248438,3.125757813,0.968755553
Bolivia,South America,68,64,0.69,"$8,442 ",LM,12,0.3,1.6,0.2,0.6,0,0.1,2.8,0.6,1.9,10.60588848,0.046119914,0.070951801,13.2359069,10.46337161,1.835854245,0.209470746
Bosnia and Herzegovina,Other Europe,71.7,75,0.78,"$14,964 ",UM,3.2,1.1,0.4,0.7,1.8,0.3,0,4.3,0.8,0.3,1.058867994,0.000237759,0.038085376,2.173852297,-2.091693634,2.824462006,1.962205959
Botswana,Africa,61.4,61,0.69,"$16,519 ",UM,2.4,0.3,0.3,0.2,1.3,0,0,2.2,0.1,1.9,0.645552946,0.210410777,0.033459921,2.902419861,0.680635387,1.471170615,0.765493823
Brazil,South America,72.8,73,0.75,"$14,739 ",UM,215.4,0.5,0.6,0.4,0.7,0.1,0.2,2.6,0.8,0.8,6.128738473,0.158958909,0.236773366,8.177126233,5.625306893,1.689705582,0.312067989
Brunei Darussalam,Asia-Pacific,67.1,75,0.83,"$64,198 ",HI,0.4,0.4,0.2,0.2,6.8,0.3,0,7.9,0,0,1.402184299,1.156231674,0.03809923,2.617611086,-5.291012187,5.236751947,3.021313332
Bulgaria,EU-27,74.3,72,0.8,"$24,490 ",UM,6.8,0.8,0.2,0.5,1.9,0.1,0.1,3.6,1.5,0.2,1.119766166,0.136829639,0.110499365,3.084292312,-0.497837046,2.371932792,1.161410462
Burkina Faso,Africa,54.5,59,0.45,"$2,281 ",LI,22.1,0.3,0.1,0.3,0.1,0,0,0.9,0.3,0.1,0.203774768,0.001008903,0.022283693,0.694622433,-0.203164148,0.594475861,1.292481409
Burundi,Africa,54.1,62,0.43,$733 ,LI,12.6,0.3,0.1,0.2,0,0,0,0.6,0.2,0.1,0.007316808,0.006154334,0.049625412,0.356306547,-0.2372992,0.393060327,1.665997306
Cabo Verde,Africa,,74,0.66,"$6,629 ",LM,0.6,,,,,,,1.2,,,,,,0.437320562,-0.724858382,0.769545171,2.657498972
Cambodia,Asia-Pacific,63.8,70,0.59,"$4,705 ",LI,17.2,,,,,,,1.3,,,,,,1.01194657,-0.327504084,0.886926912,1.323637724
Cameroon,Africa,55.5,60,0.58,"$3,767 ",LM,27.9,0.5,0.1,0.2,0.1,0.1,0.1,1,0.5,0.1,0.72635079,0.060928803,0.050792785,1.426698897,0.382675283,0.691307767,0.731775721
Canada,North America,77.7,83,0.94,"$49,516 ",HI,38.4,1.3,0.3,1.1,4.6,0.1,0,7.4,2.7,0.3,8.024229903,3.150398408,0.040869635,14.2410608,6.820419866,4.913630919,0.521073608
Central African Republic,Africa,39.3,54,0.4,$944 ,LI,5,0.4,0.4,0.2,0,0,0,1.1,0.4,0.5,5.526731194,0,0.023683815,6.411713946,5.294840348,0.739545909,0.174192674
Chad,Africa,41.3,53,0.39,"$1,460 ",LI,17.4,0.3,0.8,0.2,0,0,0,1.4,0.3,0.8,0.238273209,0.05162845,0.023336257,1.442213862,0.067589937,0.910217147,0.953134595
Chile,South America,77.8,79,0.86,"$24,433 ",UM,19.3,0.6,0.5,1,1.6,0.1,0.1,3.8,0.3,0.4,2.038244344,0.343150417,0.118355688,3.231436235,-0.610397283,2.543897776,1.188893495
China,Asia-Pacific,72.4,78,0.77,"$18,299 ",UM,"1,480.60",0.5,0.1,0.2,2.6,0.1,0.1,3.6,0.3,0.1,0.223058918,0.042214858,0.123909995,0.802130192,-2.816518632,2.396114421,4.511298614
Colombia,South America,70.1,73,0.75,"$15,610 ",UM,51.5,0.6,0.7,0.1,0.5,0,0.1,2,0.5,1.1,1.895293089,0.0636728,0.066788107,3.587634761,1.610520636,1.309160379,0.55109125
Comoros,Africa,,63,0.56,"$2,874 ",LI,0.9,,,,,,,2,,,,,,0.332177648,-1.652631554,1.31425573,5.975143761
Congo,Africa,52.3,64,0.57,"$3,921 ",LM,5.8,0.3,0.1,0.3,0.3,0.1,0.1,1.1,0.2,2.3,5.078503786,0.259848564,0.061983349,7.831302282,6.712954164,0.740522273,0.142804872
"Congo, Democratic Republic of",Africa,50,59,0.48,"$1,127 ",LI,95.2,0.2,0,0.4,0,0,0.1,0.7,0.2,0.2,1.348660186,0.031009487,0.081315072,1.846246272,1.160856503,0.453835779,0.371234206
Costa Rica,Central America/Caribbean,73.8,77,0.81,"$20,976 ",UM,5.2,0.4,0.1,0.6,0.9,0.2,0.3,2.6,0.3,0.3,0.643532322,0.111495566,0.251434428,1.615101928,-0.983838933,1.720907437,1.609149748
Côte d'Ivoire,Africa, , , , ,LM,27.7,0.3,0.1,0.2,0.2,0.1,0.1,0.9,0.5,0.4,0.092553167,0.029642487,0.05096482,1.106372817,0.221608441,0.585853114,0.799698224
Croatia,Other Europe,78.8,76,0.86,"$31,007 ",HI,4.1,0.8,0.2,0.7,1.8,0.1,0.2,3.7,0.7,0.2,1.16326204,0.360782969,0.155072882,2.5716721,-1.140193191,2.457838376,1.443366474
Cuba,Central America/Caribbean,74.7,74,0.76, ,UM,11.3,0.8,0.1,0.1,0.8,0,0.1,1.9,0.5,0.1,0.23953113,0.168781666,0.067478993,1.115083757,-0.801955759,1.269381543,1.719188809
Cyprus,EU-27,74.2,81,0.9,"$41,492 ",HI,1.2,,,,,,,3.2,,,,,,0.380453362,-2.808880102,2.111840158,8.382981417
Czech Republic,EU-27,80.5,77,0.89,"$40,707 ",HI,10.7,1,0.3,0.8,2.8,0,0.1,5.1,1.1,0.1,1.242041251,0.005852416,0.122170694,2.522005575,-2.561014389,3.365758334,2.015467378
Denmark,EU-27,85.6,81,0.95,"$59,333 ",HI,5.8,1.9,0.4,1,2.9,0.8,0.2,7.3,1.8,0,0.394444494,1.753241899,0.216036198,4.216546359,-3.069922517,4.824787924,1.728065638
Djibouti,Africa,50.3,62,0.51,"$5,710 ",LM,1,1.6,0.1,0.2,0.2,0.1,0.2,2.5,0,0.2,0.001715099,0.234446828,0.214843062,0.633919885,-1.823461613,1.627172885,3.876485903
Dominica,Central America/Caribbean,,73,0.72,"$12,412 ",UM,0.1,,,,,,,2.7,,,,,,1.004335122,-1.682665685,1.779216966,2.67540261
Dominican Republic,Central America/Caribbean,70.8,73,0.77,"$20,541 ",UM,11.1,0.5,0.1,0.1,0.9,0.1,0.1,1.8,0.3,0.1,0.157583136,0.022516128,0.111283677,0.681747314,-1.121494442,1.194029536,2.645029498
Ecuador,South America,71.5,74,0.74,"$10,847 ",UM,18.1,,,,,,,1.7,,,,,,1.872750572,0.19446274,1.111290394,0.896161965
Egypt,Africa,68.7,70,0.73,"$12,786 ",LM,106.2,,,,,,,1.5,,,,,,0.313084392,-1.139943677,0.962133017,4.641010872
El Salvador,Central America/Caribbean,69.6,71,0.68,"$9,062 ",LM,6.6,0.4,0.2,0.4,0.6,0.1,0.1,2,0.2,0.1,0.087975489,0.112063344,0.133305571,0.605743426,-1.346898576,1.292955986,3.223546337
Equatorial Guinea,Africa,,61,0.6,"$16,305 ",HI,1.5,0.2,0,0.5,1,0.1,0,1.8,0.1,0.1,2.025178602,0.449320242,0.026806814,2.669458685,0.841869482,1.210151373,0.68462914
Eritrea,Africa,,67,0.49,"$1,800 ",LI,3.7,0.2,0.3,0.1,0.1,0,0,0.7,0.1,0.3,0.096893948,1.400901277,0.01767744,1.949389245,1.225294595,0.479464495,0.37144693
Estonia,EU-27,80.6,77,0.89,"$38,353 ",HI,1.3,0.9,0.2,4.3,2.6,0,0.1,8.1,1.4,0.1,3.832438381,4.301283389,0.134033174,9.811607127,1.69411469,5.375056169,0.827335658
Eswatini,Africa,54.6,57,0.6,"$8,917 ",LM,1.2,0.4,0.4,0.8,0.6,0,0.5,2.9,0.3,0.5,0.045744916,0.004912661,0.541117412,1.386831466,-1.512901071,1.920078816,2.090904777
Ethiopia,Africa,58,65,0.5,"$2,918 ",LI,120.8,0.3,0.1,0.4,0.1,0,0,0.8,0.3,0.1,0.046856067,0.002296988,0.033687634,0.449047566,-0.39188073,0.556826737,1.872693139
Fiji,Asia-Pacific,72.9,67,0.73,"$11,647 ",UM,0.9,0.8,0.2,0.7,0.9,0.2,0.1,2.8,0.5,0.1,1.346372069,0.622259519,0.14061498,2.744014775,-0.069008375,1.86266357,1.025148689
Finland,EU-27,86.5,82,0.94,"$49,686 ",HI,5.6,0.9,0.2,0.9,3,0.1,0.1,5.4,0.8,0.1,8.390159207,2.307201274,0.126549669,11.75105354,6.387773814,3.551334354,0.456408415
France,EU-27,81.2,82,0.9,"$47,995 ",HI,65.6,1,0.3,0.5,2.2,0.2,0.2,4.3,1,0.2,0.973828654,0.111034045,0.150927203,2.458371838,-1.854753308,2.855966926,1.754464105
French Guiana,South America,,,,,,0.3,,,,,,,1.5,,,,,,85.64610998,84.09905689,1.024392362,0.01806332
French Polynesia,Asia-Pacific,,79,,,HI,0.3,,,,,,,3.7,,,,,,1.127148909,-2.59044909,2.46163433,3.298231466
Gabon,Africa,62.8,66,0.71,"$15,287 ",UM,2.3,0.5,0.1,0.7,0.4,0.3,0,2.1,0.3,0.9,13.60587343,2.02884706,0.047333569,16.93358961,14.86912834,1.366997922,0.121915159
Gambia,Africa,60.2,62,0.5,"$2,266 ",LI,2.6,0.5,0,0.1,0.1,0.1,0,0.9,0.1,0,0.067683378,0.2140504,0.008195625,0.453522263,-0.400349892,0.565397606,1.882756866
Georgia,Middle East/Central Asia,73.4,72,0.8,"$15,926 ",LM,4,0.4,0.2,0.2,1.4,0.4,0.1,2.7,0.2,0.4,0.684855551,0.053067582,0.059808108,1.381262506,-1.274215722,1.758344063,1.922500767
Germany,EU-27,82.2,81,0.94,"$54,192 ",HI,83.9,0.9,0.2,0.5,2.7,0.1,0.2,4.5,0.6,0.1,0.69945463,0.074531266,0.178085032,1.614535735,-2.88414354,2.978832931,2.786360919
Ghana,Africa,63.4,64,0.63,"$5,785 ",LM,32.4,0.4,0.1,0.6,0.3,0.2,0.1,1.8,0.4,0.2,0.184274182,0.046136535,0.115712303,0.923303742,-0.831974234,1.162269972,1.901084005
Greece,EU-27,76.8,80,0.89,"$30,488 ",HI,10.3,1,0.4,0.3,1.9,0.1,0.1,3.8,1,0.1,0.232627086,0.193254918,0.070193199,1.604464539,-2.175733806,2.503085601,2.356049792
Grenada,Central America/Caribbean,,75,0.8,"$15,668 ",UM,0.1,,,,,,,1.8,,,,,,1.579307577,-0.197695336,1.176655297,1.125178489
Guadeloupe,Central America/Caribbean,,,,,,0.4,,,,,,,3.4,,,,,,0.550723844,-2.869245141,2.264557132,6.209952634
Guatemala,Central America/Caribbean,61,69,0.63,"$8,489 ",LM,18.6,0.4,0.2,0.6,0.5,0.1,0.2,1.9,0.3,0.1,0.273859873,0.039997543,0.223395459,0.963671112,-0.930130593,1.253994459,1.965195056
Guinea,Africa,51.3,59,0.47,"$2,595 ",LI,13.9,0.4,0.5,0.4,0.1,0.1,0.1,1.5,0.3,0.6,0.496427206,0.255151168,0.053672517,1.718858332,0.192929679,1.010404665,0.88775708
Guinea-Bissau,Africa,,60,0.48,"$2,384 ",LI,2.1,0.4,0.1,0.6,0.1,0.1,0,1.2,0.5,0.1,0.260773538,1.434115082,0.02710898,2.243595147,1.036350302,0.799385882,0.538084978
Guyana,South America,63.9,66,0.71,"$32,768 ",LM,0.8,,,,,,,3.3,,,,,,70.50741296,67.19211874,2.195245984,0.047020506
Haiti,Central America/Caribbean,51.9,63,0.54,"$2,731 ",LI,11.7,0.3,0,0.1,0.1,0,0,0.6,0.1,0,0.025123594,0.01068696,0.026237388,0.235699613,-0.355312615,0.39134301,2.50748069
Honduras,Central America/Caribbean,63.1,70,0.62,"$5,773 ",LM,10.2,,,,,,,1.3,,,,,,1.651119574,0.304040667,0.891978015,0.815857875
Hungary,EU-27,79,74,0.85,"$35,069 ",HI,9.6,1.1,0.1,0.4,2.1,0,0.1,3.8,1.7,0.1,0.661675174,0.006552052,0.121567415,2.570671975,-1.217913853,2.508639433,1.473772564
India,Asia-Pacific,60.3,67,0.63,"$7,159 ",LM,"1,406.60",0.2,0,0.1,0.6,0,0.1,1,0.2,0,0.019611683,0.026040105,0.050541898,0.342227652,-0.695400353,0.687072868,3.031981781
Indonesia,Asia-Pacific,69.2,68,0.71,"$12,449 ",LM,279.1,0.5,0,0.1,0.7,0.2,0.1,1.7,0.5,0.1,0.260264262,0.338990503,0.083199367,1.227370667,-0.451258577,1.111516462,1.367662833
"Iran, Islamic Republic of",Middle East/Central Asia,68.6,74,0.77,"$15,702 ",UM,86,0.5,0.1,0,2.4,0.1,0.1,3.2,0.4,0.1,0.053259352,0.169577822,0.07197257,0.751314683,-2.497334817,2.151116699,4.323953163
Iraq,Middle East/Central Asia,62.3,70,0.69,"$10,399 ",LM,42.2,0.5,0,0,1.1,0,0,1.7,0.2,0,0.034153036,0.001787591,0.033445512,0.314221898,-1.412524298,1.143377449,5.495308279
Ireland,EU-27,80.7,82,0.95,"$106,717 ",HI,5,0.9,0.3,0.6,2.5,0.1,0.1,4.5,0.4,0.7,0.468889103,1.379291445,0.103161886,3.109222875,-1.396207197,2.98330302,1.44905343
Israel,Middle East/Central Asia,73.5,83,0.92,"$43,000 ",HI,8.9,0.8,0.3,0.3,2.6,0.1,0.1,4.2,0.1,0,0.023786869,0.013742928,0.059185502,0.242110623,-3.918772643,2.755158868,17.18587651
Italy,EU-27,78.3,83,0.9,"$43,010 ",HI,60.3,0.8,0.3,0.5,2,0.2,0.1,4,0.4,0.1,0.340885413,0.065779728,0.091234352,0.971138877,-2.980056989,2.616312844,4.068620831
Jamaica,Central America/Caribbean,69,71,0.71,"$10,109 ",UM,3,0.5,0.1,0.2,0.8,0.2,0.1,1.7,0.2,0,0.174209502,0.112810554,0.069636626,0.554318453,-1.186022004,1.152378987,3.139604046
Japan,Asia-Pacific,79.6,84,0.93,"$41,809 ",HI,125.6,0.4,0.1,0.2,2.9,0.3,0.1,4,0.1,0,0.348004225,0.103747578,0.077815615,0.630109766,-3.414165762,2.677946213,6.418366678
Jordan,Middle East/Central Asia,69.4,74,0.72,"$10,159 ",UM,10.3,0.4,0.1,0.1,0.6,0,0.1,1.3,0.1,0,0.015913501,0.001769296,0.104159286,0.214335249,-1.089517919,0.86335578,6.083241904
Kazakhstan,Middle East/Central Asia,71.1,70,0.81,"$26,125 ",UM,19.2,0.6,0.3,0.1,3.3,0,0,4.3,1.9,1.6,0.20376223,0.04793581,0.025323045,3.82386996,-0.470322658,2.843430617,1.12299651
Kenya,Africa,61,61,0.58,"$5,192 ",LI,56.2,0.3,0.2,0.2,0.2,0,0,0.9,0.2,0.2,0.011073712,0.015018315,0.045167026,0.462795906,-0.418506561,0.583560785,1.904300483
"Korea, Democratic People's Republic of",Asia-Pacific,,73,,,LI,26,0.2,0,0.1,0.8,0,0,1.2,0.2,0,0.217929758,0.090722533,0.046666807,0.533428165,-0.66476965,0.793395326,2.246221504
"Korea, Republic of",Asia-Pacific,77.9,84,0.93,"$45,438 ",HI,51.3,0.7,0.2,0.2,4.2,0.5,0.1,5.8,0.1,0,0.087249585,0.383578197,0.07026965,0.64688681,-5.174542893,3.854701669,8.999147325
Kuwait,Middle East/Central Asia,64.5,79,0.83,"$43,613 ",HI,4.4,0.7,0.4,0.1,6.4,0.5,0.5,8.6,0,0,0.002696897,0.285763528,0.48770005,0.807349671,-7.743805155,5.662208848,10.59163722
Kyrgyzstan,Middle East/Central Asia,73.7,72,0.69,"$4,764 ",LI,6.7,0.5,0.2,0,0.6,0,0.1,1.5,0.5,0.5,0.098421885,0.04534529,0.073230364,1.25343204,-0.256931902,1.000098378,1.204982714
Lao People's Democratic Republic,Asia-Pacific,63.4,68,0.61,"$7,866 ",LM,7.5,0.7,0.2,0.3,0.5,0,0.2,1.9,0.7,0.1,0.609881989,0.029401418,0.195268964,1.641909183,-0.217734454,1.231376448,1.132610534
Latvia,EU-27,80.3,73,0.86,"$31,973 ",HI,1.8,1.8,0.2,4,1.5,0.2,0.1,7.7,2.8,0.2,4.551672552,2.196984142,0.102247668,9.930483467,2.205903606,5.114886273,0.777865437
Lebanon,Middle East/Central Asia,66.3,75,0.71,,UM,6.7,0.6,0.3,0.1,1.9,0.1,0.1,3.1,0.1,0,0.04789176,0.006245492,0.086278583,0.318992262,-2.826603856,2.082879159,9.861042076
Lesotho,Africa,55.1,53,0.51,"$2,599 ",LM,2.2,,,,,,,1.2,,,,,,0.723708258,-0.427347297,0.762179739,1.590496643
Liberia,Africa,49.9,61,0.48,"$1,524 ",LI,5.3,0.2,0,0.7,0.1,0.1,0,1.2,0.1,0.3,1.991241595,0.256777493,0.039727176,2.731745972,1.489184417,0.822771096,0.454859847
Lithuania,EU-27,75.4,74,0.88,"$39,810 ",UM,2.7,1.8,0.3,1.3,2.6,0.2,0.2,6.4,2.8,0.3,2.283057719,0.349368846,0.163432462,5.967089276,-0.461161462,4.256512594,1.077284157
Luxembourg,EU-27,75.7,83,0.93,"$120,505 ",HI,0.6,0.9,0.5,1.4,8,0.1,0.1,11,0.4,0.1,0.657103758,0.000885374,0.067119396,1.228958605,-9.73044912,7.256850877,8.917637809
Madagascar,Africa,50.1,64,0.5,"$1,523 ",LI,29.2,0.2,0.2,0.2,0.1,0,0.1,0.8,0.2,1,0.580164786,0.162087995,0.063442166,1.978753711,1.184725168,0.525771727,0.401277096
Malawi,Africa,53.3,63,0.51,"$1,373 ",LI,20.2,0.4,0.1,0.2,0,0,0.1,0.7,0.4,0.1,0.012361597,0.043757689,0.088266461,0.576487738,-0.147794125,0.47958846,1.256369937
Malaysia,Asia-Pacific,70.4,75,0.8,"$28,180 ",UM,33.2,0.7,0.1,0.4,2.4,0.5,0.1,4.2,0.7,0,0.530150447,0.732839346,0.128678809,2.062303764,-2.18007516,2.809121806,2.057106716
Mali,Africa,54.1,59,0.43,"$2,206 ",LI,21.5,0.3,0.4,0.1,0.1,0,0.1,1,0.4,0.5,0.433902546,0.032660782,0.052643001,1.368689788,0.367915862,0.662669674,0.731191198
Malta,EU-27,76.8,83,0.92,"$46,806 ",HI,0.4,,,,,,,3.7,,,,,,0.467363732,-3.254616382,2.46453598,7.963776091
Martinique,Central America/Caribbean,,,,,,0.4,,,,,,,3.5,,,,,,0.510104348,-2.992698262,2.319406014,6.866835435
Mauritania,Africa,55.8,64,0.56,"$5,927 ",LM,4.9,0.4,1.3,0.2,0.4,0,0,2.3,0.1,2.4,0.049552859,1.116999731,0.029604019,3.653577326,1.397169821,1.494096505,0.617588545
Mauritius,Africa,68.4,74,0.8,"$21,450 ",UM,1.3,,,,,,,2.6,,,,,,0.675477406,-1.928109761,1.723984022,3.854440052
Mexico,North America,70.2,70,0.76,"$19,028 ",UM,131.6,0.5,0.2,0.3,1.1,0.1,0.1,2.3,0.3,0.2,0.427634638,0.132918606,0.082561173,1.202798995,-1.082430614,1.513181269,1.899926437
Mongolia,Asia-Pacific,63.5,71,0.74,"$11,435 ",LM,3.4,0.6,4.7,0.1,2.2,0,0,7.7,0.4,6.8,6.197277782,0.074457563,0.015806037,13.51424822,5.80652981,5.10372134,0.570340154
Montenegro,Other Europe,68.8,74,0.83,"$21,308 ",UM,0.6,0.5,0.4,1.1,1.3,0.1,0.3,3.7,0,0.3,1.925736937,0.248617634,0.27905659,2.828793864,-0.821806374,2.41727128,1.290514761
Morocco,Africa,69,74,0.68,"$7,744 ",LM,37.8,0.5,0.2,0.1,0.6,0.1,0,1.5,0.2,0.2,0.084511722,0.065308994,0.031137202,0.565398289,-0.979869888,1.02321047,2.733061291
Mozambique,Africa,53.6,59,0.45,"$1,232 ",LI,33.1,0.2,0.1,0.2,0.2,0,0,0.8,0.2,0.6,0.433448963,0.12872671,0.047797027,1.385576072,0.614345946,0.510675591,0.55661334
Myanmar,Asia-Pacific,64.3,66,0.59,"$4,090 ",LI,55.2,0.4,0,0.3,0.2,0,0.1,1.1,0.5,0,0.499646595,0.281436417,0.057071596,1.362234437,0.248014203,0.737788965,0.817935741
Namibia,Africa,62.7,59,0.62,"$8,949 ",UM,2.6,0.3,0.8,0.3,0.9,0,0,2.4,0.1,1.4,0.289487076,4.240215963,0.018877714,6.122942025,3.737652781,1.579436478,0.389565871
Nepal,Asia-Pacific,66.2,68,0.6,"$3,921 ",LI,30.2,0.3,0.1,0.2,0.3,0,0.1,0.9,0.2,0,0.086229445,0.004625979,0.100555424,0.390028925,-0.51042717,0.596243498,2.308690555
Netherlands,EU-27,79.9,81,0.94,"$58,732 ",HI,17.2,,,,,,,6,,,,,,1.113508517,-4.908468884,3.987495773,5.408110768
New Zealand,Asia-Pacific,78.3,82,0.94,"$43,178 ",HI,4.9,,,,,,,5.4,,,,,,8.447231686,3.021001811,3.593017251,0.642367828
Nicaragua,Central America/Caribbean,67.1,74,0.67,"$6,056 ",LM,6.8,0.5,0.2,0.4,0.4,0,0.1,1.5,0.6,0.5,0.696956617,0.426086185,0.09010544,2.310417773,0.816845391,0.988979727,0.646451218
Niger,Africa,52.2,62,0.4,"$1,229 ",LI,26.1,0.7,0.3,0.2,0.1,0,0,1.4,0.7,0.3,0.030725086,0.000422347,0.013122162,1.074301895,-0.276005627,0.894115866,1.256916262
Nigeria,Africa,54.2,53,0.54,"$5,013 ",LM,216.7,0.3,0.1,0.2,0.2,0,0,0.8,0.3,0.1,0.033039166,0.01450929,0.047224406,0.446354238,-0.354981077,0.530609959,1.795290033
Norway,Other Europe,82.3,83,0.96,"$66,643 ",HI,5.5,0.9,0.1,0.8,2.6,0.9,0.1,5.4,0.2,0.1,3.439090343,2.879183276,0.1350639,6.747554557,1.348820882,3.574810445,0.800102264
Oman,Middle East/Central Asia,69.2,73,0.82,"$30,222 ",HI,5.3,0.7,0.3,0.1,4.9,0.8,0.5,7.3,0.1,0,0.001006289,1.181415343,0.51744752,1.801254966,-5.480212207,4.82147601,4.042441137
Pakistan,Asia-Pacific,59.3,66,0.54,"$5,542 ",LM,229.5,0.3,0,0.1,0.3,0,0,0.7,0.3,0,0.016762376,0.027482753,0.044070495,0.361549059,-0.368417693,0.48335275,2.018997791
Panama,Central America/Caribbean,64,76,0.81,"$30,907 ",UM,4.4,0.6,0.4,0.2,0.8,0.4,0.1,2.3,0.3,0.4,1.323250976,0.528577331,0.081230734,2.627580918,0.307799378,1.53606008,0.882858269
Papua New Guinea,Asia-Pacific,53.6,65,0.56,"$3,682 ",LM,9.3,0.2,0,0.3,0.2,0.2,0.2,1.2,0.2,0,1.954178013,0.519162506,0.169813039,2.900181196,1.745338463,0.764687446,0.398196752
Paraguay,South America,67.4,70,0.72,"$12,359 ",LM,7.3,0.7,0.8,0.9,0.7,0,0.1,3.2,1.9,2.3,5.336883702,0.051431432,0.109623515,9.647940739,6.497611479,2.086013243,0.32652867
Peru,South America,71.9,72,0.76,"$12,878 ",UM,33.7,0.6,0.5,0.1,0.5,0.4,0.1,2.2,0.5,0.5,2.351926112,0.180927444,0.094338937,3.546836383,1.3089486,1.481833538,0.630953205
Philippines,Asia-Pacific,66.6,69,0.7,"$8,768 ",LM,112.5,0.3,0,0.1,0.5,0.2,0.1,1.2,0.2,0,0.071795096,0.057197699,0.067062712,0.402745802,-0.77663592,0.780936114,2.928352614
Poland,EU-27,80.5,76,0.88,"$35,703 ",HI,37.7,1,0,0.8,2.6,0.1,0.1,4.6,1,0.1,0.684798759,0.105937226,0.123989819,2.016241672,-2.632431214,3.078152283,2.305612938
Portugal,EU-27,79.2,81,0.87,"$34,950 ",HI,10.1,0.8,0.4,0.4,1.6,0.4,0.1,3.7,0.3,0.2,0.835073402,0.075106238,0.062307541,1.478047303,-2.241348574,2.462824809,2.516425468
Qatar,Middle East/Central Asia,66.8,79,0.86,"$96,605 ",HI,3,0.7,0.3,0.2,11.6,0.2,0.1,13.1,0,0,0,0.902741632,0.116206201,1.03899563,-12.08733856,8.691696866,12.63367603
Republic of Moldova,Other Europe,73.9,69,0.77,"$14,320 ",LM,4,,,,,,,1.5,,,,,,1.009467663,-0.512739072,1.00794017,1.50793016
Republic of North Macedonia,Other Europe,72.3,75,0.77,"$16,896 ",UM,2.1,0.7,0.3,0.3,1.5,0,0,2.8,0.5,0.3,0.698503606,0.008635438,0.04398368,1.55133585,-1.262256192,1.863040266,1.813657592
Réunion,Africa,,,,,,0.9,,,,,,,3.5,,,,,,0.123645377,-3.367670784,2.311800179,28.23652807
Romania,EU-27,77.7,73,0.82,"$31,367 ",UM,19,0.6,0.1,0.5,1.4,0,0.1,2.7,0.9,0.2,1.078524771,0.101551682,0.103657575,2.450628155,-0.287037123,1.812764811,1.117127979
Russian Federation,Other Europe,74.1,69,0.82,"$25,706 ",UM,145.8,1.2,0.1,0.7,3.6,0.2,0,5.8,1.9,0.3,4.210828797,1.187785838,0.026224688,7.712083888,1.910912299,3.841287612,0.752218424
Rwanda,Africa,59.4,66,0.53,"$2,405 ",LI,13.6,0.2,0,0.2,0.1,0,0,0.6,0.2,0,0.00673208,0.00447253,0.038914646,0.243488781,-0.31054098,0.366854802,2.275381063
Saint Lucia,Central America/Caribbean,,71,0.72,"$14,140 ",UM,0.2,0.5,0.1,0.1,0.9,0.2,0,1.7,0.1,0,0.095920288,0.144040383,0.002131223,0.376356935,-1.335471567,1.13349959,4.548417589
Saint Vincent and Grenadines,Central America/Caribbean,,70,0.75,"$13,280 ",UM,0.1,,,,,,,1.8,,,,,,1.155476716,-0.659357094,1.201705298,1.570636417
Samoa,Asia-Pacific,0,73,0.71,"$5,084 ",LM,0.2,,,,,,,2.5,,,,,,1.662282108,-0.82147034,1.644634599,1.494182267
Sao Tome and Principe,Africa,59.4,68,0.62,"$4,010 ",LM,0.2,,,,,,,1.1,,,,,,0.700090513,-0.351779258,0.696503156,1.502476825
Saudi Arabia,Middle East/Central Asia,66.6,77,0.88,"$47,423 ",HI,35.8,0.8,0.2,0.2,4.5,0.1,0,5.7,0.4,0.1,0.049429421,0.140564155,0.043026058,0.697532479,-5.047947389,3.804410937,8.23686358
Senegal,Africa,58.7,67,0.51,"$3,505 ",LM,17.7,0.5,0.2,0.2,0.2,0.1,0,1.2,0.3,0.1,0.345240162,0.137812508,0.044698919,1.000162642,-0.219361335,0.807516598,1.219325663
Serbia,Other Europe,75.9,73,0.8,"$20,474 ",UM,8.7,1,0.1,0.6,2,0,0.1,3.8,1.3,0,0.550451908,0.004598381,0.111434224,2.054991936,-1.775586759,2.536445314,1.864035877
Sierra Leone,Africa,53,60,0.48,"$1,677 ",LI,8.3,0.5,0.1,0.3,0.1,0.1,0,1,0.4,0.2,0.114758269,0.157742667,0.033035202,0.921573084,-0.124702882,0.692799178,1.135315239
Singapore,Asia-Pacific,71.7,83,0.94,"$112,699 ",HI,5.9,0.6,0.3,0,4.4,0.4,0.1,5.7,0,0,0.002074859,0.012136597,0.089583924,0.104126803,-5.633904237,3.799478642,55.10618678
Slovakia,EU-27,78.7,75,0.85,"$33,079 ",HI,5.5,0.8,0.2,0.6,2.4,0,0.1,4.2,0.9,0.1,1.526890059,0.006210991,0.117204922,2.665671799,-1.493307176,2.753897928,1.560199187
Slovenia,EU-27,,81,0.92,"$41,570 ",HI,2.1,0.7,0.2,1.3,2.4,0.1,0.1,4.8,0.4,0.2,1.85220056,0.005133365,0.078533372,2.485838691,-2.296160244,3.166435088,1.923696397
Solomon Islands,Asia-Pacific,0,70,0.56,"$2,043 ",LI,0.7,,,,,,,1.7,,,,,,3.324442199,1.65949821,1.102454672,0.500819052
Somalia,Africa,45.6,55, ,"$1,132 ",LI,16.8,0.2,0.3,0.4,0,0,0,0.9,0.1,0.3,0.116078143,0.196020781,0.017672179,0.712411364,-0.17897815,0.590239996,1.251228657
South Africa,Africa,63.7,62,0.71,"$13,157 ",UM,60.8,0.6,0.1,0.2,2.2,0.1,0.1,3.2,0.5,0.5,0.031594415,0.150192177,0.050031339,1.275586245,-1.937300307,2.127436006,2.518752898
South Sudan,Africa,39,55,0.39,$794 ,LM,11.6,0.3,1.1,0.2,0.1,0,0,1.7,0.3,1.1,0.363152422,0.006688914,0.023624027,1.782236013,0.11319203,1.105169512,0.936488754
Spain,EU-27,79.9,83,0.91,"$39,753 ",HI,46.7,1.2,0.2,0.2,1.8,0.5,0.1,3.9,1.1,0.1,0.411346213,0.060670944,0.057379487,1.72215542,-2.193410924,2.592720499,2.273642842
Sudan,Africa,49.6,65,0.51,"$3,804 ",LM,46,0.3,0.5,0.1,0.2,0,0,1.1,0.4,0.5,0.218923148,0.018979283,0.019533009,1.131661469,-0.010194273,0.756088016,1.009008236
Suriname,South America,71.6,70,0.73,"$14,818 ",UM,0.6,0.3,0,0.9,1.7,0.1,0.1,3.1,0.3,0,67.94996108,6.479268601,0.103943459,74.83845211,71.69935685,2.078574567,0.041944952
Sweden,EU-27,85.2,83,0.95,"$53,897 ",HI,10.2,1,0.3,1.3,2.1,0.1,0.2,4.9,0.7,0.1,5.523063853,2.011729656,0.186263431,8.51950749,3.581579343,3.269684741,0.579602536
Switzerland,Other Europe,80.8,84,0.96,,HI,8.8,0.6,0.2,0.3,2.4,0,0.2,3.7,0.2,0.1,0.649536393,0.007490124,0.172590045,1.126134218,-2.609829847,2.473795553,3.317512252
Syrian Arab Republic,Middle East/Central Asia,57.4,72,0.58,,LM,19.4,0.4,0.1,0,0.5,0,0,1,0.4,0.1,0.043465752,0.003758641,0.02230716,0.599874724,-0.397388392,0.660344966,1.662452302
Tajikistan,Middle East/Central Asia,69.7,72,0.69,"$3,966 ",LI,10,0.3,0.1,0.2,0.3,0,0.1,1.1,0.2,0.1,0.005301274,0.009601452,0.104688276,0.447701438,-0.613270415,0.702530165,2.369820071
"Tanzania, United Republic of",Africa,57.4,66,0.55,"$2,876 ",LI,63.3,0.3,0.2,0.2,0.1,0.1,0,0.9,0.3,0.2,0.116900753,0.044997696,0.044710962,0.79975609,-0.126549295,0.613359792,1.158234863
Thailand,Asia-Pacific,,79,0.8,"$18,036 ",UM,70.1,0.5,0,0.2,1.4,0.2,0.1,2.3,0.6,0,0.218597139,0.183869718,0.09013437,1.143619577,-1.201624761,1.552920455,2.050720698
Timor-Leste,Asia-Pacific,0,68,0.61,"$2,860 ",LM,1.4,0.3,0.1,0,0.1,0.1,0,0.6,0.2,0.1,0.541295654,0.794154161,0.021591527,1.59116224,1.024141801,0.375456674,0.356356143
Togo,Africa,,62,0.54,"$2,226 ",LI,8.7,0.3,0.1,0.2,0.2,0.1,0,0.9,0.3,0.1,0.101009487,0.016329918,0.019096604,0.553858253,-0.339253802,0.591380589,1.612528207
Tonga,Asia-Pacific,0,71,0.75,"$5,810 ",LM,0.1,,,,,,,3.1,,,,,,1.256949734,-1.833476113,2.046347766,2.45867099
Trinidad and Tobago,Central America/Caribbean,60.4,73,0.81,"$25,596 ",HI,1.4,0.4,0.2,0.2,4.5,0.1,0,5.4,0,0,0.124025214,1.208082975,0.000993573,1.37945418,-4.01364274,3.571078026,3.909587573
Tunisia,Africa,70.7,74,0.73,"$10,535 ",UM,12,0.1,0.1,0.2,0.9,0.1,0,1.4,0.4,0.1,0.031424658,0.210163693,0.025266878,0.716018316,-0.645334105,0.901429325,1.901281561
Turkiye,Middle East/Central Asia,70.4,76,0.84,"$32,109 ",UM,85.6,0.9,0.1,0.3,1.9,0,0,3.4,0.8,0.1,0.532112634,0.039326179,0.042962586,1.478215807,-1.91661569,2.247912163,2.296573668
Turkmenistan,Middle East/Central Asia,66.1,69,0.75,"$16,151 ",LM,6.2,0.4,0.5,0,2.9,0,0,3.9,0.4,1.6,0.011837418,0.104249496,0.0463727,2.152708107,-1.708096742,2.556459779,1.793464165
Uganda,Africa,54.9,63,0.53,,LI,48.4,0.3,0.1,0.4,0.1,0.1,0,1,0.3,0.1,0.008342447,0.032039474,0.033057533,0.478872706,-0.499087529,0.647563423,2.042213355
Ukraine,Other Europe,75.7,70,0.77,,LM,43.2,,,,,,,2,,,,,,3.0867497,1.073227971,1.333267937,0.652311306
United Arab Emirates,Middle East/Central Asia,68.8,79,0.91,"$67,026 ",HI,10.1,0.8,0.6,0.6,6.5,0.3,0,8.7,0,0,0.061907523,0.450007816,0,0.543236143,-8.17159126,5.770585826,16.04242927
United Kingdom,Other Europe,80.6,81,0.93,"$47,366 ",HI,68.5,0.7,0.2,0.4,2.1,0.1,0.1,3.6,0.4,0.1,0.150714141,0.286077624,0.097711509,1.020497152,-2.544799528,2.360786914,3.493686065
United States of America,North America,74.6,76,0.92,"$65,118 ",HI,334.8,1.3,0.3,0.8,4.8,0.1,0.1,7.5,1.7,0.2,1.433903996,0.313289262,0.051251989,3.720832,-3.739800091,4.940111353,2.005097809
Uruguay,South America,,75,0.81,"$22,837 ",UM,3.5,0.3,0.6,0.4,0.7,0,0.1,2.2,1.1,4.9,1.329715171,2.190588968,0.082052832,9.557758836,7.395636352,1.431664998,0.226216472
Uzbekistan,Middle East/Central Asia,69.9,71,0.73,,LM,34.4,0.5,0.2,0.1,1.2,0,0.1,2.1,0.4,0.2,0.053231593,0.008917271,0.065883123,0.730073847,-1.377057783,1.395252408,2.886189717
Vanuatu,Asia-Pacific,0,70,0.61,"$2,442 ",LM,0.3,,,,,,,1.8,,,,,,1.8364544,0.006197676,1.211917691,0.996625195
"Venezuela, Bolivarian Republic of",South America,60.3,71,0.69,,UM,29.3,0.3,0.6,0.1,0.9,0.1,0,2.1,0.2,0.6,1.805860893,0.259061964,0.043885182,2.945991731,0.836455041,1.396844936,0.716070133
Viet Nam,Asia-Pacific,72.8,74,0.7,"$11,032 ",LM,99,0.5,0,0.4,1.3,0.1,0.1,2.4,0.4,0,0.155676974,0.149952414,0.078597105,0.79507003,-1.637204158,1.610547898,3.059194909
Yemen,Middle East/Central Asia,52.1,64,0.46,"$1,780 ",LM,31.2,0.3,0.1,0,0.2,0.1,0,0.6,0.1,0.1,0.030011215,0.146865083,0.01953004,0.347502131,-0.265756229,0.406073446,1.764761437
Zambia,Africa,,,,,LM,19.5,0.3,0.1,0.5,0.2,0,0.1,1.2,0.3,0.7,0.62078114,0.016994124,0.063169875,1.651919903,0.438704985,0.803339009,0.734427206
Zimbabwe,Africa,,,,,LI,15.3,0.3,0.3,0.3,0.3,0,0,1.1,0.2,0.3,0.118372555,0.008839451,0.026970101,0.631495216,-0.453895888,0.718699548,1.718763779
